{
  "feature_mean": [
    22.401515151515152,
    3.477272727272727,
    6.18925947789584,
    0.015151515151515152,
    0.21212121212121213,
    2.25,
    0.12718089990817263,
    0.9934042809042809,
    0.48112756351392705,
    0.3984848484848484,
    0.15909090909090903,
    0.17424242424242417,
    4.29148962677712,
    5.577085360095476,
    8.09448473876837,
    2.0846335289458278,
    0.42419148778373544,
    0.03971578332482639,
    6.194262403911182,
    0.12621258204859315,
    0.18528059201433805,
    0.16400169916833407,
    60.1844062581185
  ],
  "feature_std": [
    14.834368289644177,
    2.4694064711098545,
    2.083464797482919,
    0.12215542042876591,
    0.4088102291888503,
    2.3689116539547066,
    0.1696083247899828,
    0.030900519349857096,
    0.4326008126994034,
    0.12308216551312895,
    0.252848782648943,
    0.2301584474388383,
    1.759574201924467,
    1.7083732300150687,
    3.942930493789847,
    1.6062988797764444,
    0.13976472132852,
    0.02248951736060634,
    4.656179368514008,
    0.07022147399825453,
    0.1573459690100326,
    0.14456644471023078,
    56.95936936168691
  ],
  "temperature": 1.0,
  "alpha_center": 0.29142266511917114,
  "use_retrieval_features": true,
  "total_feature_dim": 23
}