{
  "bm25": {
    "mrr@10": 0.0,
    "recall@100": 0.0,
    "ndcg@10": 0.0,
    "latency_ms": 50.87831497192383
  },
  "dense": {
    "mrr@10": 0.0,
    "recall@100": 0.0,
    "ndcg@10": 0.0,
    "latency_ms": 57.078890800476074
  },
  "hybrid_fixed": {
    "mrr@10": 0.0,
    "recall@100": 0.0,
    "ndcg@10": 0.0,
    "latency_ms": 107.07205295562744
  },
  "hybrid_rrf": {
    "mrr@10": 0.0,
    "recall@100": 0.0,
    "ndcg@10": 0.0,
    "latency_ms": 89.27205562591553
  }
}