{
  "rrf": {
    "mrr@10": 0.4556630052159331,
    "ndcg@10": 0.4255317061214855,
    "recall@100": 0.8439115551115551
  },
  "best_fixed": {
    "mrr@10": 0.48915706315356683,
    "ndcg@10": 0.4691572303283825,
    "recall@100": 0.8553356232003291,
    "best_alpha": 0.05
  },
  "linear_23": {
    "mrr@10": 0.47472468916278243,
    "ndcg@10": 0.45460782109680214,
    "recall@100": 0.8641433155080214
  },
  "ridge_23": {
    "mrr@10": 0.47497521710170587,
    "ndcg@10": 0.4559960568366374,
    "recall@100": 0.8641433155080214
  },
  "mlp_14": {
    "mrr@10": 0.48479811805889644,
    "ndcg@10": 0.4646914836197565,
    "recall@100": 0.8601433155080214
  },
  "qahf_full": {
    "mrr@10": 0.484068467191443,
    "ndcg@10": 0.4624866428015179,
    "recall@100": 0.8636433155080214
  },
  "oracle": {
    "mrr@10": 0.5462239479359541,
    "ndcg@10": 0.5278298365734131,
    "recall@100": 0.8776433155080213
  }
}