{
  "rrf": {
    "mrr@10": 0.4556630052159331,
    "ndcg@10": 0.4255317061214855,
    "recall@100": 0.8439115551115551
  },
  "best_fixed": {
    "mrr@10": 0.48915706315356683,
    "ndcg@10": 0.4691572303283825,
    "recall@100": 0.8553356232003291,
    "best_alpha": 0.05
  },
  "linear_14": {
    "mrr@10": 0.4826610509227556,
    "ndcg@10": 0.4599907457258646,
    "recall@100": 0.8641433155080214
  },
  "ridge_14": {
    "mrr@10": 0.48269714258115654,
    "ndcg@10": 0.4604380478839999,
    "recall@100": 0.8641433155080214
  },
  "mlp_14": {
    "mrr@10": 0.48479811805889644,
    "ndcg@10": 0.4646914836197565,
    "recall@100": 0.8601433155080214
  },
  "oracle": {
    "mrr@10": 0.5455572812692874,
    "ndcg@10": 0.5273061175591273,
    "recall@100": 0.8776433155080213
  }
}