{
  "rrf": {
    "mrr@10": 0.4007092071238433,
    "ndcg@10": 0.4065331561372433,
    "recall@100": 0.7445862755119936
  },
  "best_fixed": {
    "mrr@10": 0.44832065798354637,
    "ndcg@10": 0.446742168683221,
    "recall@100": 0.7690461710504118,
    "best_alpha": 0.15
  },
  "linear_23": {
    "mrr@10": 0.43403912004899026,
    "ndcg@10": 0.43554252042555736,
    "recall@100": 0.7703795043837451
  },
  "ridge_23": {
    "mrr@10": 0.4369186746335264,
    "ndcg@10": 0.43886550595472945,
    "recall@100": 0.7703795043837451
  },
  "mlp_14": {
    "mrr@10": 0.45222639600279363,
    "ndcg@10": 0.4477153066100016,
    "recall@100": 0.7690461710504118
  },
  "qahf_full": {
    "mrr@10": 0.45777968031786553,
    "ndcg@10": 0.4531654793304959,
    "recall@100": 0.7690461710504118
  },
  "oracle": {
    "mrr@10": 0.5308493980737038,
    "ndcg@10": 0.5196476400917659,
    "recall@100": 0.7897706126219122
  }
}