{
  "rrf": {
    "mrr@10": 0.4007092071238433,
    "ndcg@10": 0.4065331561372433,
    "recall@100": 0.7445862755119936
  },
  "best_fixed": {
    "mrr@10": 0.44832065798354637,
    "ndcg@10": 0.446742168683221,
    "recall@100": 0.7690461710504118,
    "best_alpha": 0.15
  },
  "linear_14": {
    "mrr@10": 0.44681947610390244,
    "ndcg@10": 0.44564401962525324,
    "recall@100": 0.7690461710504118
  },
  "ridge_14": {
    "mrr@10": 0.4467480475324738,
    "ndcg@10": 0.44546527392659696,
    "recall@100": 0.7690461710504118
  },
  "mlp_14": {
    "mrr@10": 0.45222639600279363,
    "ndcg@10": 0.4477153066100016,
    "recall@100": 0.7690461710504118
  },
  "oracle": {
    "mrr@10": 0.5308493980737038,
    "ndcg@10": 0.5196476400917659,
    "recall@100": 0.7897706126219122
  }
}