{
  "feature_mean": [
    72.295,
    10.0,
    6.4053083743741634,
    0.005,
    0.62,
    5.745,
    0.2071877534015693,
    0.9789614438923647,
    0.5862128138674185,
    0.2849999999999993,
    0.31149999999999917,
    0.48899999999999927,
    3.467688285020512,
    6.085847265374716,
    20.17304159264972,
    2.41767462532639,
    0.5635035417973995,
    0.0357902043312788,
    7.682384699237573,
    0.11344204634428025,
    0.20381778524193414,
    0.19488164458762838,
    72.91960318275027
  ],
  "feature_std": [
    21.99222533078451,
    3.234192325759246,
    1.0447789697666894,
    0.07053367989832973,
    0.4853864439804633,
    3.565105187788994,
    0.10490987431177212,
    0.04525914610324995,
    0.31473606397057197,
    0.058094750193111326,
    0.16222746376615785,
    0.20267955002910362,
    0.735537120966578,
    1.5496198456673325,
    6.406190339545954,
    1.817310709706409,
    0.06662481333698554,
    0.01730103093747453,
    5.848461596498131,
    0.05338184763230866,
    0.16681158224211629,
    0.10757798005188407,
    44.2640180375826
  ],
  "temperature": 1.0,
  "alpha_center": 0.2616133689880371,
  "use_retrieval_features": true,
  "total_feature_dim": 23
}