{
  "rrf": {
    "mrr@10": 0.5661250466475426,
    "ndcg@10": 0.3393642437228186,
    "recall@100": 0.298852350511992
  },
  "best_fixed": {
    "mrr@10": 0.5553730635988983,
    "ndcg@10": 0.337414839964905,
    "recall@100": 0.30427835432437395,
    "best_alpha": 0.35
  },
  "linear_23": {
    "mrr@10": 0.5366422305098782,
    "ndcg@10": 0.32555946093947236,
    "recall@100": 0.309239968710828
  },
  "ridge_23": {
    "mrr@10": 0.5377426318775071,
    "ndcg@10": 0.32848103386747346,
    "recall@100": 0.3100136727308006
  },
  "mlp_14": {
    "mrr@10": 0.5355251464463717,
    "ndcg@10": 0.33032398875285424,
    "recall@100": 0.3015401424187664
  },
  "qahf_full": {
    "mrr@10": 0.5439124932317849,
    "ndcg@10": 0.3300521331475854,
    "recall@100": 0.3027304791116725
  },
  "oracle": {
    "mrr@10": 0.6350860869370462,
    "ndcg@10": 0.3935802571331843,
    "recall@100": 0.3257215317873891
  }
}