{
  "dataset": "nfcorpus",
  "test_queries": 70,
  "train_queries": 253,
  "bm25_config": {
    "k1": 1.5,
    "b": 0.75,
    "variant": "okapi"
  },
  "dense_model": "sentence-transformers/all-MiniLM-L6-v2",
  "retrieval_depth": 500,
  "use_retrieval_features": false,
  "results": {
    "bm25": {
      "mrr@10": 0.5012816275425162,
      "ndcg@10": 0.28523138041399865,
      "recall@100": 0.23465508735394824
    },
    "dense": {
      "mrr@10": 0.43802867246413724,
      "ndcg@10": 0.25995894510037304,
      "recall@100": 0.27328754951387324
    },
    "hybrid_rrf": {
      "mrr@10": 0.5027361025071453,
      "ndcg@10": 0.30660484234376395,
      "recall@100": 0.28479242147595807
    },
    "qahf": {
      "mrr@10": 0.4866459768558013,
      "ndcg@10": 0.29318413354625333,
      "recall@100": 0.29131118360748837
    },
    "oracle": {
      "mrr@10": 0.5830668266659891,
      "ndcg@10": 0.3519241842128801,
      "recall@100": 0.30732252622126843
    }
  },
  "temperature": 1.0,
  "alpha_center": 0.31645628809928894,
  "alpha_stats": {
    "mean": 0.3191405871084758,
    "std": 0.05759226488711152,
    "min": 0.2168571799993515,
    "max": 0.41820022463798523
  },
  "oracle_alpha_stats": {
    "mean": 0.3057142857142857,
    "std": 0.30219942057508703,
    "min": 0.05,
    "max": 0.95
  }
}