{
  "dataset": "nfcorpus",
  "test_queries": 158,
  "train_queries": 165,
  "bm25_config": {
    "k1": 1.5,
    "b": 0.75,
    "variant": "okapi"
  },
  "dense_model": "sentence-transformers/all-MiniLM-L6-v2",
  "retrieval_depth": 500,
  "use_retrieval_features": true,
  "results": {
    "bm25": {
      "mrr@10": 0.5315696084583651,
      "ndcg@10": 0.32142545653849985,
      "recall@100": 0.24032464310954887
    },
    "dense": {
      "mrr@10": 0.5104704340797982,
      "ndcg@10": 0.3076415358389111,
      "recall@100": 0.28313498805482773
    },
    "hybrid_rrf": {
      "mrr@10": 0.5627702552913073,
      "ndcg@10": 0.339785936559063,
      "recall@100": 0.295794012727524
    },
    "qahf": {
      "mrr@10": 0.5517607247904122,
      "ndcg@10": 0.33000946472571396,
      "recall@100": 0.3021229881769518
    },
    "oracle": {
      "mrr@10": 0.6350860869370462,
      "ndcg@10": 0.3935802571331843,
      "recall@100": 0.3257215317873891
    }
  },
  "alpha_stats": {
    "mean": 0.2672743788342687,
    "std": 0.12362953116645117,
    "min": 0.02524697780609131,
    "max": 0.6566627025604248
  },
  "oracle_alpha_stats": {
    "mean": 0.3272151898734177,
    "std": 0.31258390958070986,
    "min": 0.05,
    "max": 0.95
  }
}