{
  "dataset": "nfcorpus",
  "test_queries": 100,
  "train_queries": 100,
  "bm25_config": {
    "k1": 1.5,
    "b": 0.75,
    "variant": "okapi"
  },
  "results": {
    "bm25": {
      "mrr@10": 0.4773611111111111,
      "ndcg@10": 0.2903021336142878,
      "recall@100": 0.2669918221345597
    },
    "dense": {
      "mrr@10": 0.5055119047619048,
      "ndcg@10": 0.3171284620108259,
      "recall@100": 0.3152699987261865
    },
    "hybrid_rrf": {
      "mrr@10": 0.5178849206349205,
      "ndcg@10": 0.3264584447627671,
      "recall@100": 0.31049812683104316
    },
    "qahf": {
      "mrr@10": 0.5324563492063493,
      "ndcg@10": 0.3366879678897432,
      "recall@100": 0.31749700502722994
    }
  },
  "alpha_stats": {
    "mean": 0.3120266842842102,
    "std": 0.03936004821424671,
    "min": 0.20751023292541504,
    "max": 0.4033048152923584
  }
}