{
  "dataset": "nfcorpus",
  "test_queries": 100,
  "train_queries": 100,
  "bm25_config": {
    "k1": 2.0,
    "b": 0.3,
    "variant": "plus"
  },
  "results": {
    "bm25": {
      "mrr@10": 0.48676190476190484,
      "ndcg@10": 0.2931583208509743,
      "recall@100": 0.2671918147817262
    },
    "dense": {
      "mrr@10": 0.5055119047619048,
      "ndcg@10": 0.3171284620108259,
      "recall@100": 0.3152699987261865
    },
    "hybrid_rrf": {
      "mrr@10": 0.5227857142857143,
      "ndcg@10": 0.32671891126776065,
      "recall@100": 0.31110334148939006
    },
    "qahf": {
      "mrr@10": 0.5406230158730159,
      "ndcg@10": 0.33674153369155735,
      "recall@100": 0.31807029373339346
    }
  },
  "alpha_stats": {
    "mean": 0.3129122222959995,
    "std": 0.036926244525352765,
    "min": 0.2206505984067917,
    "max": 0.3978636562824249
  }
}