{
  "dataset": "nfcorpus",
  "test_queries": 158,
  "train_queries": 165,
  "results": {
    "bm25": {
      "mrr@10": 0.49504686102359136,
      "ndcg@10": 0.2699211815589193,
      "recall@100": 0.19371636718057875
    },
    "dense": {
      "mrr@10": 0.5104704340797982,
      "ndcg@10": 0.3076415358389111,
      "recall@100": 0.28313498805482773
    },
    "hybrid_rrf": {
      "mrr@10": 0.5407583620183863,
      "ndcg@10": 0.3103291979761985,
      "recall@100": 0.27493681770035644
    },
    "qahf": {
      "mrr@10": 0.542614419705998,
      "ndcg@10": 0.32616660782996054,
      "recall@100": 0.2837639823176129
    }
  },
  "alpha_stats": {
    "mean": 0.2385041218345301,
    "std": 0.08456750279582062,
    "min": 0.03846290335059166,
    "max": 0.4120071530342102
  }
}