{
  "dataset": "nfcorpus",
  "test_queries": 100,
  "train_queries": 100,
  "results": {
    "bm25": {
      "mrr@10": 0.4387029611613652,
      "ndcg@10": 0.24978046115783165,
      "recall@100": 0.237770494704374
    },
    "dense": {
      "mrr@10": 0.5116633231116348,
      "ndcg@10": 0.3169916077596257,
      "recall@100": 0.3152699987261865
    },
    "hybrid_rrf": {
      "mrr@10": 0.4985615625406708,
      "ndcg@10": 0.2930724752968315,
      "recall@100": 0.3064037745617504
    },
    "qahf": {
      "mrr@10": 0.5165887614313062,
      "ndcg@10": 0.3197447981434762,
      "recall@100": 0.3180605626052939
    }
  },
  "alpha_stats": {
    "mean": 0.32682988941669466,
    "std": 0.045334661559993474,
    "min": 0.22253535687923431,
    "max": 0.437439888715744
  }
}