{
  "feature_mean": [
    64.135,
    11.285,
    4.819720860222796,
    0.105,
    0.85,
    2.16,
    0.39221258777323714,
    0.9657570980224263,
    0.2190186298395598,
    0.25600000000000045,
    0.7049999999999994,
    0.46600000000000075,
    3.4033217605396415,
    5.567720696321438,
    17.96105881301086,
    1.8321633277678324,
    0.5865701931715012,
    0.03646190468687564,
    5.808397461283025,
    0.11716576322913169,
    0.09859790407391023,
    0.1174502383430787,
    54.76227172709338
  ],
  "feature_std": [
    23.310014478759985,
    4.4926356406902155,
    0.9580365848604362,
    0.30655342111938666,
    0.3570714214271433,
    1.6746342884343433,
    0.14929275250484453,
    0.05574071590352525,
    0.18994706451986718,
    0.10278132126023672,
    0.29270292106502793,
    0.2272531627942722,
    0.755304824250321,
    1.667276708482889,
    5.272496495404542,
    1.4822643562341637,
    0.05848744548320812,
    0.019364013359810424,
    4.821735321922636,
    0.062031059724922226,
    0.10211639784100013,
    0.08744528575451198,
    39.021063733718165
  ],
  "temperature": 1.0,
  "alpha_center": 0.1936444789171219,
  "use_retrieval_features": true,
  "total_feature_dim": 23
}