{
  "rrf": {
    "mrr@10": 0.42695075613885036,
    "ndcg@10": 0.34333794461669487,
    "recall@100": 0.683653601953602
  },
  "best_fixed": {
    "mrr@10": 0.4488249794461727,
    "ndcg@10": 0.3576638597403025,
    "recall@100": 0.6899250305250305,
    "best_alpha": 0.25
  },
  "linear_14": {
    "mrr@10": 0.45171866698960145,
    "ndcg@10": 0.356918684481719,
    "recall@100": 0.6828869352869352
  },
  "ridge_14": {
    "mrr@10": 0.4518648077480527,
    "ndcg@10": 0.3570876851395416,
    "recall@100": 0.6842202686202686
  },
  "mlp_14": {
    "mrr@10": 0.44239434018586854,
    "ndcg@10": 0.3462584603859722,
    "recall@100": 0.6767536019536019
  },
  "oracle": {
    "mrr@10": 0.5427606333683176,
    "ndcg@10": 0.43042071113441677,
    "recall@100": 0.7268012210012209
  }
}