{
  "rrf": {
    "mrr@10": 0.42695075613885036,
    "ndcg@10": 0.34333794461669487,
    "recall@100": 0.683653601953602
  },
  "best_fixed": {
    "mrr@10": 0.4488249794461727,
    "ndcg@10": 0.3576638597403025,
    "recall@100": 0.6899250305250305,
    "best_alpha": 0.25
  },
  "linear_23": {
    "mrr@10": 0.45252985168588566,
    "ndcg@10": 0.36043250180157677,
    "recall@100": 0.6800250305250305
  },
  "ridge_23": {
    "mrr@10": 0.45323949004699465,
    "ndcg@10": 0.36090018184072814,
    "recall@100": 0.6806916971916971
  },
  "mlp_14": {
    "mrr@10": 0.44247466690565235,
    "ndcg@10": 0.34694377183890424,
    "recall@100": 0.6797536019536019
  },
  "qahf_full": {
    "mrr@10": 0.46356064415937986,
    "ndcg@10": 0.3654485206717047,
    "recall@100": 0.6814536019536019
  },
  "oracle": {
    "mrr@10": 0.5427606333683176,
    "ndcg@10": 0.43042071113441677,
    "recall@100": 0.7268012210012209
  }
}