{
  "dataset": "fiqa",
  "test_queries": 250,
  "train_queries": 250,
  "bm25_config": {
    "k1": 1.2,
    "b": 0.4,
    "variant": "okapi"
  },
  "dense_model": "sentence-transformers/all-MiniLM-L6-v2",
  "retrieval_depth": 500,
  "use_retrieval_features": true,
  "results": {
    "bm25": {
      "mrr@10": 0.31570750517264284,
      "ndcg@10": 0.2347498685623334,
      "recall@100": 0.5427083028083028
    },
    "dense": {
      "mrr@10": 0.42293145051047204,
      "ndcg@10": 0.324788301307981,
      "recall@100": 0.6600202686202686
    },
    "hybrid_rrf": {
      "mrr@10": 0.42767608775672644,
      "ndcg@10": 0.342216641005318,
      "recall@100": 0.6711078144078144
    },
    "qahf": {
      "mrr@10": 0.4565158705925371,
      "ndcg@10": 0.36398904284687805,
      "recall@100": 0.6854536019536019
    },
    "oracle": {
      "mrr@10": 0.5427606333683176,
      "ndcg@10": 0.43042071113441677,
      "recall@100": 0.7268012210012209
    }
  },
  "temperature": 1.0,
  "alpha_center": 0.20386143028736115,
  "alpha_stats": {
    "mean": 0.20384576817601918,
    "std": 0.08048356843852177,
    "min": 0.021950023248791695,
    "max": 0.4689890444278717
  },
  "oracle_alpha_stats": {
    "mean": 0.21619999999999998,
    "std": 0.25905126905691855,
    "min": 0.05,
    "max": 0.95
  }
}