{
  "dataset": "fiqa",
  "test_queries": 100,
  "train_queries": 100,
  "bm25_config": {
    "k1": 1.2,
    "b": 0.4,
    "variant": "plus"
  },
  "dense_model": "BAAI/bge-small-en-v1.5",
  "results": {
    "bm25": {
      "mrr@10": 0.336867136094567,
      "ndcg@10": 0.27315290506144807,
      "recall@100": 0.6004047619047619
    },
    "dense": {
      "mrr@10": 0.46926791346025637,
      "ndcg@10": 0.3829676573437428,
      "recall@100": 0.6707976190476191
    },
    "hybrid_rrf": {
      "mrr@10": 0.5350276908342853,
      "ndcg@10": 0.42355947021703083,
      "recall@100": 0.7047738095238095
    },
    "qahf": {
      "mrr@10": 0.5523195801385195,
      "ndcg@10": 0.43815784368354554,
      "recall@100": 0.6995238095238097
    }
  },
  "alpha_stats": {
    "mean": 0.3302240005135536,
    "std": 0.04704778017740321,
    "min": 0.18127396702766418,
    "max": 0.41905421018600464
  }
}