{
  "dataset": "fiqa",
  "test_queries": 100,
  "train_queries": 100,
  "bm25_config": {
    "k1": 1.2,
    "b": 0.4,
    "variant": "plus"
  },
  "results": {
    "bm25": {
      "mrr@10": 0.3249285714285714,
      "ndcg@10": 0.27315290506144807,
      "recall@100": 0.6004047619047619
    },
    "dense": {
      "mrr@10": 0.4374444444444444,
      "ndcg@10": 0.36384109098712314,
      "recall@100": 0.7345238095238096
    },
    "hybrid_rrf": {
      "mrr@10": 0.4609285714285714,
      "ndcg@10": 0.40253799635570603,
      "recall@100": 0.7506785714285715
    },
    "qahf": {
      "mrr@10": 0.46792857142857147,
      "ndcg@10": 0.40388280274119337,
      "recall@100": 0.7562023809523811
    }
  },
  "alpha_stats": {
    "mean": 0.33365228116512297,
    "std": 0.06020022783586796,
    "min": 0.15219274163246155,
    "max": 0.4562363028526306
  }
}