{
  "dataset": "fiqa",
  "test_queries": 100,
  "train_queries": 100,
  "results": {
    "bm25": {
      "mrr@10": 0.24755911904857136,
      "ndcg@10": 0.20144078302152568,
      "recall@100": 0.4276428571428572
    },
    "dense": {
      "mrr@10": 0.44578551294552954,
      "ndcg@10": 0.36384109098712314,
      "recall@100": 0.7345238095238096
    },
    "hybrid_rrf": {
      "mrr@10": 0.42082456246897726,
      "ndcg@10": 0.3296265772550956,
      "recall@100": 0.7253333333333333
    },
    "qahf": {
      "mrr@10": 0.46280397590743244,
      "ndcg@10": 0.39607109085015113,
      "recall@100": 0.7260952380952381
    }
  },
  "alpha_stats": {
    "mean": 0.4045825156569481,
    "std": 0.03039652056710463,
    "min": 0.3047594130039215,
    "max": 0.46647703647613525
  }
}