{
  "rrf": {
    "mrr@10": 0.6726023603938801,
    "ndcg@10": 0.7104328004281606,
    "recall@100": 0.967948717948718
  },
  "best_fixed": {
    "mrr@10": 0.6721493058800231,
    "ndcg@10": 0.710207471427305,
    "recall@100": 0.9551282051282052,
    "best_alpha": 0.6
  },
  "linear_14": {
    "mrr@10": 0.6254209266822998,
    "ndcg@10": 0.661082787109288,
    "recall@100": 0.9358974358974359
  },
  "ridge_14": {
    "mrr@10": 0.6259042571671811,
    "ndcg@10": 0.6615271681472791,
    "recall@100": 0.9358974358974359
  },
  "mlp_14": {
    "mrr@10": 0.6197207441865235,
    "ndcg@10": 0.6565288735610221,
    "recall@100": 0.9358974358974359
  },
  "oracle": {
    "mrr@10": 0.7483430322758883,
    "ndcg@10": 0.7806916563617272,
    "recall@100": 0.967948717948718
  }
}