{
  "rrf": {
    "mrr@10": 0.6726023603938801,
    "ndcg@10": 0.7104328004281606,
    "recall@100": 0.967948717948718
  },
  "best_fixed": {
    "mrr@10": 0.6721493058800231,
    "ndcg@10": 0.710207471427305,
    "recall@100": 0.9551282051282052,
    "best_alpha": 0.6
  },
  "linear_23": {
    "mrr@10": 0.6346215226706118,
    "ndcg@10": 0.6725882945872254,
    "recall@100": 0.9487179487179487
  },
  "ridge_23": {
    "mrr@10": 0.6352949669615419,
    "ndcg@10": 0.6730453589122716,
    "recall@100": 0.9487179487179487
  },
  "mlp_14": {
    "mrr@10": 0.6207891202548995,
    "ndcg@10": 0.6574176356370042,
    "recall@100": 0.9358974358974359
  },
  "qahf_full": {
    "mrr@10": 0.6209254103307197,
    "ndcg@10": 0.6589662774884405,
    "recall@100": 0.9358974358974359
  },
  "oracle": {
    "mrr@10": 0.7451379040707601,
    "ndcg@10": 0.7783258214487236,
    "recall@100": 0.967948717948718
  }
}