{
  "dataset": "scifact",
  "test_queries": 70,
  "train_queries": 230,
  "bm25_config": {
    "k1": 1.2,
    "b": 0.4,
    "variant": "okapi"
  },
  "dense_model": "sentence-transformers/all-MiniLM-L6-v2",
  "retrieval_depth": 500,
  "use_retrieval_features": false,
  "results": {
    "bm25": {
      "mrr@10": 0.6949090270583659,
      "ndcg@10": 0.7379143538766679,
      "recall@100": 0.9857142857142858
    },
    "dense": {
      "mrr@10": 0.6479646492295918,
      "ndcg@10": 0.6976091857702098,
      "recall@100": 0.9714285714285714
    },
    "hybrid_rrf": {
      "mrr@10": 0.7466187427351894,
      "ndcg@10": 0.7936519046329114,
      "recall@100": 1.0
    },
    "qahf": {
      "mrr@10": 0.6850792405792406,
      "ndcg@10": 0.7328298578622713,
      "recall@100": 0.9714285714285714
    },
    "oracle": {
      "mrr@10": 0.8097786064948352,
      "ndcg@10": 0.8429230109751115,
      "recall@100": 1.0
    }
  },
  "temperature": 1.0,
  "alpha_center": 0.16441383957862854,
  "alpha_stats": {
    "mean": 0.15519905453547836,
    "std": 0.06662606801984194,
    "min": 0.015084064565598965,
    "max": 0.3523790240287781
  },
  "oracle_alpha_stats": {
    "mean": 0.215,
    "std": 0.28187509898636204,
    "min": 0.05,
    "max": 0.95
  }
}