{
  "dataset": "scifact",
  "test_queries": 156,
  "train_queries": 144,
  "bm25_config": {
    "k1": 1.2,
    "b": 0.4,
    "variant": "okapi"
  },
  "dense_model": "sentence-transformers/all-MiniLM-L6-v2",
  "retrieval_depth": 500,
  "use_retrieval_features": true,
  "results": {
    "bm25": {
      "mrr@10": 0.6428077439888076,
      "ndcg@10": 0.6707067437281118,
      "recall@100": 0.9378205128205129
    },
    "dense": {
      "mrr@10": 0.5812351522244904,
      "ndcg@10": 0.6252601130517433,
      "recall@100": 0.9294871794871795
    },
    "hybrid_rrf": {
      "mrr@10": 0.6727063942932876,
      "ndcg@10": 0.7104328004281606,
      "recall@100": 0.9615384615384616
    },
    "qahf": {
      "mrr@10": 0.6256036028748402,
      "ndcg@10": 0.6622529279756522,
      "recall@100": 0.9358974358974359
    },
    "oracle": {
      "mrr@10": 0.7451379040707601,
      "ndcg@10": 0.7783258214487236,
      "recall@100": 0.967948717948718
    }
  },
  "temperature": 1.0,
  "alpha_center": 0.17380951344966888,
  "alpha_stats": {
    "mean": 0.16486979110572392,
    "std": 0.08351542771501859,
    "min": 0.008039570413529873,
    "max": 0.32885652780532837
  },
  "oracle_alpha_stats": {
    "mean": 0.20096153846153847,
    "std": 0.23935484559635228,
    "min": 0.05,
    "max": 0.95
  }
}