{
  "dataset": "scifact",
  "test_queries": 100,
  "train_queries": 100,
  "bm25_config": {
    "k1": 1.5,
    "b": 0.75,
    "variant": "plus"
  },
  "results": {
    "bm25": {
      "mrr@10": 0.687889027093164,
      "ndcg@10": 0.7218574244269516,
      "recall@100": 0.97
    },
    "dense": {
      "mrr@10": 0.6229342642102685,
      "ndcg@10": 0.6655986070757095,
      "recall@100": 0.97
    },
    "hybrid_rrf": {
      "mrr@10": 0.7101640200954656,
      "ndcg@10": 0.7495839683899221,
      "recall@100": 1.0
    },
    "qahf": {
      "mrr@10": 0.7132737050905817,
      "ndcg@10": 0.7453355938985854,
      "recall@100": 1.0
    }
  },
  "alpha_stats": {
    "mean": 0.3353290946781635,
    "std": 0.05581899567548809,
    "min": 0.17804785072803497,
    "max": 0.4120209515094757
  }
}