{
  "dataset": "scifact",
  "test_queries": 100,
  "train_queries": 100,
  "bm25_config": {
    "k1": 1.2,
    "b": 0.4,
    "variant": "plus"
  },
  "dense_model": "BAAI/bge-small-en-v1.5",
  "results": {
    "bm25": {
      "mrr@10": 0.6759027072871023,
      "ndcg@10": 0.7065144185940204,
      "recall@100": 0.968
    },
    "dense": {
      "mrr@10": 0.7308844396344396,
      "ndcg@10": 0.763290141774621,
      "recall@100": 0.97
    },
    "hybrid_rrf": {
      "mrr@10": 0.7400906432748537,
      "ndcg@10": 0.7753860211605198,
      "recall@100": 1.0
    },
    "qahf": {
      "mrr@10": 0.7364692159380388,
      "ndcg@10": 0.7672873004401717,
      "recall@100": 0.98
    }
  },
  "alpha_stats": {
    "mean": 0.03301022373583692,
    "std": 0.033466570203675654,
    "min": 7.298771379282698e-05,
    "max": 0.12102292478084564
  }
}