{
  "dataset": "scifact",
  "test_queries": 156,
  "train_queries": 144,
  "results": {
    "bm25": {
      "mrr@10": 0.5007353157413169,
      "ndcg@10": 0.5275735792839257,
      "recall@100": 0.7631410256410256
    },
    "dense": {
      "mrr@10": 0.5812351522244904,
      "ndcg@10": 0.6252601130517433,
      "recall@100": 0.9294871794871795
    },
    "hybrid_rrf": {
      "mrr@10": 0.5672053289017358,
      "ndcg@10": 0.5982127907467216,
      "recall@100": 0.9365384615384615
    },
    "qahf": {
      "mrr@10": 0.581162191209795,
      "ndcg@10": 0.6253523011130968,
      "recall@100": 0.9294871794871795
    }
  },
  "alpha_stats": {
    "mean": 0.00823931541159253,
    "std": 0.015839558624721785,
    "min": 1.168183487720853e-07,
    "max": 0.10458290576934814
  }
}