{
  "dataset": "scifact",
  "test_queries": 100,
  "train_queries": 100,
  "results": {
    "bm25": {
      "mrr@10": 0.5700858453592115,
      "ndcg@10": 0.5896610618130953,
      "recall@100": 0.8046666666666666
    },
    "dense": {
      "mrr@10": 0.6229342642102685,
      "ndcg@10": 0.6655986070757095,
      "recall@100": 0.97
    },
    "hybrid_rrf": {
      "mrr@10": 0.6320763632357747,
      "ndcg@10": 0.6545366233765599,
      "recall@100": 0.975
    },
    "qahf": {
      "mrr@10": 0.6229342642102685,
      "ndcg@10": 0.6655986070757095,
      "recall@100": 0.97
    }
  },
  "alpha_stats": {
    "mean": 0.001064863382390063,
    "std": 0.002028110617495857,
    "min": 7.307653093757693e-11,
    "max": 0.009435982443392277
  }
}