{
  "dataset": "cqadupstack/gaming",
  "test_queries": 100,
  "train_queries": 100,
  "bm25_config": {
    "k1": 1.2,
    "b": 0.4,
    "variant": "plus"
  },
  "dense_model": "BAAI/bge-small-en-v1.5",
  "results": {
    "bm25": {
      "mrr@10": 0.5041672601332363,
      "ndcg@10": 0.4938391622791523,
      "recall@100": 0.7766666666666667
    },
    "dense": {
      "mrr@10": 0.5467287426916018,
      "ndcg@10": 0.570289038335314,
      "recall@100": 0.8725
    },
    "hybrid_rrf": {
      "mrr@10": 0.5357020808410589,
      "ndcg@10": 0.5432572870545205,
      "recall@100": 0.9183333333333333
    },
    "qahf": {
      "mrr@10": 0.5752854763621773,
      "ndcg@10": 0.5938426478166603,
      "recall@100": 0.9083333333333333
    }
  },
  "alpha_stats": {
    "mean": 0.2783777468651533,
    "std": 0.07522979390341146,
    "min": 0.06413109600543976,
    "max": 0.4386535584926605
  }
}