{
  "dataset": "cqadupstack/gaming",
  "test_queries": 100,
  "train_queries": 100,
  "bm25_config": {
    "k1": 1.2,
    "b": 0.5,
    "variant": "plus"
  },
  "results": {
    "bm25": {
      "mrr@10": 0.4951427946564969,
      "ndcg@10": 0.49021398835467517,
      "recall@100": 0.785
    },
    "dense": {
      "mrr@10": 0.5585940617421609,
      "ndcg@10": 0.5660793938278316,
      "recall@100": 0.8866666666666666
    },
    "hybrid_rrf": {
      "mrr@10": 0.5504529979492893,
      "ndcg@10": 0.5553448127841902,
      "recall@100": 0.8958333333333333
    },
    "qahf": {
      "mrr@10": 0.5806915868175021,
      "ndcg@10": 0.5892911687533,
      "recall@100": 0.9241666666666666
    }
  },
  "alpha_stats": {
    "mean": 0.30091164767742157,
    "std": 0.04721061152035563,
    "min": 0.14939214289188385,
    "max": 0.40870779752731323
  }
}