{
  "dataset": "cqadupstack/physics",
  "test_queries": 250,
  "train_queries": 250,
  "bm25_config": {
    "k1": 1.2,
    "b": 0.4,
    "variant": "okapi"
  },
  "dense_model": "sentence-transformers/all-MiniLM-L6-v2",
  "retrieval_depth": 500,
  "use_retrieval_features": true,
  "results": {
    "bm25": {
      "mrr@10": 0.3541592938363576,
      "ndcg@10": 0.33872341351831214,
      "recall@100": 0.6347922743922743
    },
    "dense": {
      "mrr@10": 0.4782859371586327,
      "ndcg@10": 0.46252779603125715,
      "recall@100": 0.8553356232003291
    },
    "hybrid_rrf": {
      "mrr@10": 0.4568430034986129,
      "ndcg@10": 0.42577643653135383,
      "recall@100": 0.841590675990676
    },
    "qahf": {
      "mrr@10": 0.484068467191443,
      "ndcg@10": 0.4624866428015179,
      "recall@100": 0.8636433155080214
    },
    "oracle": {
      "mrr@10": 0.5455572812692874,
      "ndcg@10": 0.5273061175591273,
      "recall@100": 0.8776433155080213
    }
  },
  "temperature": 1.0,
  "alpha_center": 0.12801338732242584,
  "alpha_stats": {
    "mean": 0.13473736998438834,
    "std": 0.056845243050382216,
    "min": 0.009044069796800613,
    "max": 0.2999092638492584
  },
  "oracle_alpha_stats": {
    "mean": 0.14260000000000003,
    "std": 0.20028789279434736,
    "min": 0.05,
    "max": 0.95
  }
}