{
  "dataset": "cqadupstack/physics",
  "test_queries": 250,
  "train_queries": 250,
  "bm25_config": {
    "k1": 1.2,
    "b": 0.4,
    "variant": "okapi"
  },
  "dense_model": "sentence-transformers/all-MiniLM-L6-v2",
  "retrieval_depth": 500,
  "use_retrieval_features": false,
  "results": {
    "bm25": {
      "mrr@10": 0.3541592938363576,
      "ndcg@10": 0.33872341351831214,
      "recall@100": 0.6347922743922743
    },
    "dense": {
      "mrr@10": 0.4782859371586327,
      "ndcg@10": 0.46252779603125715,
      "recall@100": 0.8553356232003291
    },
    "hybrid_rrf": {
      "mrr@10": 0.4556630052159331,
      "ndcg@10": 0.4255317061214855,
      "recall@100": 0.8439115551115551
    },
    "qahf": {
      "mrr@10": 0.48479811805889644,
      "ndcg@10": 0.4646914836197565,
      "recall@100": 0.8601433155080214
    },
    "oracle": {
      "mrr@10": 0.5462239479359541,
      "ndcg@10": 0.5278298365734131,
      "recall@100": 0.8776433155080213
    }
  },
  "temperature": 1.0,
  "alpha_center": 0.1310437023639679,
  "alpha_stats": {
    "mean": 0.12576934541761875,
    "std": 0.050413373733775295,
    "min": 0.010277532041072845,
    "max": 0.26801952719688416
  },
  "oracle_alpha_stats": {
    "mean": 0.1428,
    "std": 0.200669280160168,
    "min": 0.05,
    "max": 0.95
  }
}