{
  "dataset": "cqadupstack/android",
  "test_queries": 250,
  "train_queries": 250,
  "bm25_config": {
    "k1": 1.2,
    "b": 0.4,
    "variant": "okapi"
  },
  "dense_model": "sentence-transformers/all-MiniLM-L6-v2",
  "retrieval_depth": 500,
  "use_retrieval_features": true,
  "results": {
    "bm25": {
      "mrr@10": 0.3897444332245398,
      "ndcg@10": 0.37026442099098755,
      "recall@100": 0.6964161591589073
    },
    "dense": {
      "mrr@10": 0.5210826892737266,
      "ndcg@10": 0.5302800399405164,
      "recall@100": 0.8706998620548239
    },
    "hybrid_rrf": {
      "mrr@10": 0.4823075839918315,
      "ndcg@10": 0.4792874459471758,
      "recall@100": 0.8354306974619952
    },
    "qahf": {
      "mrr@10": 0.5270266330029647,
      "ndcg@10": 0.5294076750063282,
      "recall@100": 0.871406197280243
    },
    "oracle": {
      "mrr@10": 0.6007927575308034,
      "ndcg@10": 0.5976924089944732,
      "recall@100": 0.8868268461818081
    }
  },
  "temperature": 1.0,
  "alpha_center": 0.10714110732078552,
  "alpha_stats": {
    "mean": 0.11081147199310362,
    "std": 0.05195710129410775,
    "min": 0.005733385216444731,
    "max": 0.29109159111976624
  },
  "oracle_alpha_stats": {
    "mean": 0.1352,
    "std": 0.19339327806312193,
    "min": 0.05,
    "max": 0.95
  }
}