{
  "dataset": "cqadupstack/android",
  "test_queries": 250,
  "train_queries": 250,
  "bm25_config": {
    "k1": 1.2,
    "b": 0.4,
    "variant": "okapi"
  },
  "dense_model": "sentence-transformers/all-MiniLM-L6-v2",
  "retrieval_depth": 500,
  "use_retrieval_features": true,
  "results": {
    "bm25": {
      "mrr@10": 0.3897444332245398,
      "ndcg@10": 0.37026442099098755,
      "recall@100": 0.6964161591589073
    },
    "dense": {
      "mrr@10": 0.5210826892737266,
      "ndcg@10": 0.5302800399405164,
      "recall@100": 0.8706998620548239
    },
    "hybrid_rrf": {
      "mrr@10": 0.4823075839918315,
      "ndcg@10": 0.4792874459471758,
      "recall@100": 0.8354459646375676
    },
    "qahf": {
      "mrr@10": 0.5296328981635157,
      "ndcg@10": 0.5318133667909354,
      "recall@100": 0.8705423435766948
    },
    "oracle": {
      "mrr@10": 0.6007927575308034,
      "ndcg@10": 0.5976588678483746,
      "recall@100": 0.8868268461818081
    }
  },
  "temperature": 1.0,
  "alpha_center": 0.10974488407373428,
  "alpha_stats": {
    "mean": 0.11181684030964971,
    "std": 0.0435264311242045,
    "min": 0.012226742692291737,
    "max": 0.24688923358917236
  },
  "oracle_alpha_stats": {
    "mean": 0.13539999999999996,
    "std": 0.19379587198905965,
    "min": 0.05,
    "max": 0.95
  }
}