{
  "feature_mean": [
    48.255,
    9.21,
    4.363260028391801,
    0.135,
    0.86,
    2.58,
    0.429666169356959,
    0.9745650389342337,
    0.31225862991497677,
    0.2550000000000004,
    0.7374999999999998,
    0.4640000000000007,
    4.432726260894482,
    6.4808887801234185,
    16.020895744481756,
    2.556757590824864,
    0.5494798862934113,
    0.05098673746921122,
    8.208483565344428,
    0.16546643823385238,
    0.1882291040572777,
    0.1629917982901503,
    52.243285054517486
  ],
  "feature_std": [
    18.633302847321513,
    3.765089640367145,
    0.9487588116877598,
    0.34172357249683555,
    0.34698703145794974,
    1.610465771135792,
    0.16081020684844394,
    0.05691725640412349,
    0.21415683280178638,
    0.1038026974601335,
    0.29873692440004795,
    0.2364402672981063,
    0.9919664551783909,
    1.6191957284024123,
    5.123557390555231,
    2.240703903805263,
    0.07138684669154895,
    0.02602871636405593,
    7.109412068851178,
    0.08646970416124115,
    0.1338869528396055,
    0.08843259457672302,
    37.775783917121075
  ],
  "temperature": 1.0,
  "alpha_center": 0.19481773674488068,
  "use_retrieval_features": true,
  "total_feature_dim": 23
}