{
  "rrf": {
    "mrr@10": 0.48241316922009814,
    "ndcg@10": 0.4966060104808784,
    "recall@100": 0.8811499999999999
  },
  "best_fixed": {
    "mrr@10": 0.4906522262401026,
    "ndcg@10": 0.5044038200075117,
    "recall@100": 0.90275,
    "best_alpha": 0.3
  },
  "linear_23": {
    "mrr@10": 0.49221623208073706,
    "ndcg@10": 0.5056472096344953,
    "recall@100": 0.90175
  },
  "ridge_23": {
    "mrr@10": 0.4938735465690756,
    "ndcg@10": 0.5071030737006106,
    "recall@100": 0.90175
  },
  "mlp_14": {
    "mrr@10": 0.4976987579083433,
    "ndcg@10": 0.5080387462708708,
    "recall@100": 0.8964166666666666
  },
  "qahf_full": {
    "mrr@10": 0.4992516006915903,
    "ndcg@10": 0.5086447712406104,
    "recall@100": 0.9004166666666666
  },
  "oracle": {
    "mrr@10": 0.6018860944990999,
    "ndcg@10": 0.6050698165970342,
    "recall@100": 0.92275
  }
}