{
  "feature_mean": [
    55.265,
    9.205,
    5.333108845321717,
    0.145,
    0.655,
    1.685,
    0.36146992123168276,
    0.9656949173500778,
    0.23775763998437838,
    0.2810000000000003,
    0.5554999999999991,
    0.42500000000000004,
    3.6201203774300668,
    5.359326922982184,
    17.193140511811034,
    1.8385024624211592,
    0.5745279687643051,
    0.043064297628588974,
    6.007184085828433,
    0.13894091188907623,
    0.15763352101974376,
    0.16373170796183836,
    49.48973723935658
  ],
  "feature_std": [
    26.506693022706553,
    5.015274169973163,
    1.2697918957403604,
    0.35210083782916596,
    0.47536827828537376,
    1.1427051238180381,
    0.16724334938469032,
    0.06334086099695481,
    0.21702172055920135,
    0.12425377257854184,
    0.3470875249846933,
    0.2806688440137234,
    0.9131203162889572,
    1.6759509591359298,
    5.190854604764478,
    1.43888006725842,
    0.06717586967695484,
    0.02061672531964677,
    4.919826448592843,
    0.07212085557219737,
    0.11552000401092044,
    0.08809861163396776,
    38.027728275781
  ],
  "temperature": 1.0,
  "alpha_center": 0.12801338732242584,
  "use_retrieval_features": true,
  "total_feature_dim": 23
}