{
  "rrf": {
    "mrr@10": 0.48192456006541995,
    "ndcg@10": 0.4797749824856655,
    "recall@100": 0.8310446075552946
  },
  "best_fixed": {
    "mrr@10": 0.5331417329243214,
    "ndcg@10": 0.5394033487501733,
    "recall@100": 0.8711443064992684,
    "best_alpha": 0.05
  },
  "linear_23": {
    "mrr@10": 0.5171914442777327,
    "ndcg@10": 0.525662580736609,
    "recall@100": 0.8705985049725506
  },
  "ridge_23": {
    "mrr@10": 0.5168113737929045,
    "ndcg@10": 0.5261899740948477,
    "recall@100": 0.8705985049725506
  },
  "mlp_14": {
    "mrr@10": 0.5211321077132409,
    "ndcg@10": 0.5314864040670507,
    "recall@100": 0.8711137721481234
  },
  "qahf_full": {
    "mrr@10": 0.5283409187172503,
    "ndcg@10": 0.529789133534166,
    "recall@100": 0.871406197280243
  },
  "oracle": {
    "mrr@10": 0.6007927575308034,
    "ndcg@10": 0.5976924089944732,
    "recall@100": 0.8868268461818081
  }
}