{
  "rrf": {
    "mrr@10": 0.48192456006541995,
    "ndcg@10": 0.4797749824856655,
    "recall@100": 0.8310446075552946
  },
  "best_fixed": {
    "mrr@10": 0.5331417329243214,
    "ndcg@10": 0.5394033487501733,
    "recall@100": 0.8711443064992684,
    "best_alpha": 0.05
  },
  "linear_14": {
    "mrr@10": 0.5146076382139126,
    "ndcg@10": 0.5273856802069605,
    "recall@100": 0.8705985049725506
  },
  "ridge_14": {
    "mrr@10": 0.5146527317982467,
    "ndcg@10": 0.5274522178154586,
    "recall@100": 0.8705985049725506
  },
  "mlp_14": {
    "mrr@10": 0.5191225839037172,
    "ndcg@10": 0.5305812265249269,
    "recall@100": 0.8711137721481234
  },
  "oracle": {
    "mrr@10": 0.6007927575308034,
    "ndcg@10": 0.5976588678483746,
    "recall@100": 0.8868268461818081
  }
}