{
  "feature_mean": [
    51.015,
    9.355,
    4.665117845218078,
    0.115,
    0.715,
    2.54,
    0.344875960533275,
    0.9823424988109586,
    0.29839107091738687,
    0.2815000000000002,
    0.6449999999999995,
    0.45500000000000024,
    3.0211061628835107,
    5.228636343496385,
    15.01751080233357,
    1.85018988413276,
    0.6116544987261295,
    0.04753518341574818,
    5.967664567167498,
    0.15375643819570542,
    0.1766231425093655,
    0.17459149715620095,
    43.60767860892469
  ],
  "feature_std": [
    17.57597152364557,
    3.492703107909404,
    1.0875048380519663,
    0.3190219428189852,
    0.45141444372106715,
    1.5551205741035001,
    0.1700485570239636,
    0.04384520143422436,
    0.20624810526019607,
    0.11835434085828887,
    0.34767082132384936,
    0.2545093318524879,
    0.7985516170365283,
    1.5296098828999132,
    4.223702202960559,
    1.3614148610356425,
    0.06894637840673448,
    0.02356364686404595,
    4.4615995654546845,
    0.07794248904463308,
    0.1346989397970024,
    0.10231720065715044,
    31.25292379163921
  ],
  "temperature": 1.0,
  "alpha_center": 0.10714110732078552,
  "use_retrieval_features": true,
  "total_feature_dim": 23
}