{
  "dataset": "quora",
  "test_queries": 100,
  "train_queries": 100,
  "bm25_config": {
    "k1": 1.2,
    "b": 0.5,
    "variant": "plus"
  },
  "results": {
    "bm25": {
      "mrr@10": 0.7758107749903401,
      "ndcg@10": 0.7914608525795366,
      "recall@100": 0.9848214285714286
    },
    "dense": {
      "mrr@10": 0.8966450216450216,
      "ndcg@10": 0.8955982151257729,
      "recall@100": 0.9958928571428572
    },
    "hybrid_rrf": {
      "mrr@10": 0.8792442279942282,
      "ndcg@10": 0.8851803894916521,
      "recall@100": 0.9910714285714286
    },
    "qahf": {
      "mrr@10": 0.9020402001380262,
      "ndcg@10": 0.9012142751160791,
      "recall@100": 0.9946428571428573
    }
  },
  "alpha_stats": {
    "mean": 0.0669533282041084,
    "std": 0.050485533537624284,
    "min": 0.0002601698215585202,
    "max": 0.20882077515125275
  }
}