{
  "rrf": {
    "mrr@10": 0.3518677609075975,
    "ndcg@10": 0.2111166376787369,
    "recall@100": 0.4838
  },
  "best_fixed": {
    "mrr@10": 0.3831243383577127,
    "ndcg@10": 0.23487416749510237,
    "recall@100": 0.5127999999999999,
    "best_alpha": 0.05
  },
  "linear_23": {
    "mrr@10": 0.3673723184312846,
    "ndcg@10": 0.22515644149691236,
    "recall@100": 0.512
  },
  "ridge_23": {
    "mrr@10": 0.36894772231110334,
    "ndcg@10": 0.2261884156234958,
    "recall@100": 0.512
  },
  "mlp_14": {
    "mrr@10": 0.3666444652983305,
    "ndcg@10": 0.22559601014203676,
    "recall@100": 0.5096
  },
  "qahf_full": {
    "mrr@10": 0.36709005538881245,
    "ndcg@10": 0.22779730645295246,
    "recall@100": 0.5142
  },
  "oracle": {
    "mrr@10": 0.4442619048501274,
    "ndcg@10": 0.2728737684493799,
    "recall@100": 0.5295333333333333
  }
}