{
  "dataset": "scidocs",
  "test_queries": 250,
  "train_queries": 250,
  "bm25_config": {
    "k1": 1.5,
    "b": 0.75,
    "variant": "okapi"
  },
  "dense_model": "sentence-transformers/all-MiniLM-L6-v2",
  "retrieval_depth": 500,
  "use_retrieval_features": true,
  "results": {
    "bm25": {
      "mrr@10": 0.2844353346666894,
      "ndcg@10": 0.16130218639006874,
      "recall@100": 0.3613333333333334
    },
    "dense": {
      "mrr@10": 0.3930735085567329,
      "ndcg@10": 0.23682266812715544,
      "recall@100": 0.512
    },
    "hybrid_rrf": {
      "mrr@10": 0.35218676584653585,
      "ndcg@10": 0.21172080158603088,
      "recall@100": 0.48460000000000003
    },
    "qahf": {
      "mrr@10": 0.3676367754332333,
      "ndcg@10": 0.22489585747344853,
      "recall@100": 0.5136000000000001
    },
    "oracle": {
      "mrr@10": 0.4442619048501274,
      "ndcg@10": 0.2728737684493799,
      "recall@100": 0.5295333333333333
    }
  },
  "temperature": 1.0,
  "alpha_center": 0.24830523133277893,
  "alpha_stats": {
    "mean": 0.24150813511759042,
    "std": 0.0716876239583355,
    "min": 0.016881579533219337,
    "max": 0.3553551137447357
  },
  "oracle_alpha_stats": {
    "mean": 0.21899999999999997,
    "std": 0.25668852720758667,
    "min": 0.05,
    "max": 0.95
  }
}