{
  "dataset": "scidocs",
  "test_queries": 100,
  "train_queries": 100,
  "bm25_config": {
    "k1": 1.5,
    "b": 0.75,
    "variant": "plus"
  },
  "results": {
    "bm25": {
      "mrr@10": 0.26644347355909054,
      "ndcg@10": 0.14913670969068085,
      "recall@100": 0.3740000000000001
    },
    "dense": {
      "mrr@10": 0.3470280181604168,
      "ndcg@10": 0.19844281302231995,
      "recall@100": 0.4975
    },
    "hybrid_rrf": {
      "mrr@10": 0.3536006097931839,
      "ndcg@10": 0.19912008377078913,
      "recall@100": 0.47700000000000004
    },
    "qahf": {
      "mrr@10": 0.37946434140428115,
      "ndcg@10": 0.20731379544350978,
      "recall@100": 0.4875
    }
  },
  "alpha_stats": {
    "mean": 0.31979484871029856,
    "std": 0.043956946901224946,
    "min": 0.19595767557621002,
    "max": 0.4086209833621979
  }
}