{
  "feature_mean": [
    48.92,
    8.64,
    4.545221155682085,
    0.575,
    0.69,
    1.495,
    0.4956183597861063,
    0.9271364294469606,
    0.19542292099679537,
    0.3685000000000002,
    0.6849999999999994,
    0.6460000000000005,
    3.7945688830888344,
    5.677654342594533,
    13.431793578075045,
    1.7505052842813345,
    0.5591233515739441,
    0.05191104631870985,
    5.676018770777711,
    0.1652148674428463,
    0.11841268896222454,
    0.10690146000523533,
    40.033982299697435
  ],
  "feature_std": [
    20.271743881570725,
    3.635986798655902,
    1.1955400558439937,
    0.49434299833212914,
    0.462493243193887,
    1.1618842455253444,
    0.18238209694519159,
    0.11092101321391984,
    0.17266207730503455,
    0.1547829124935954,
    0.2827985148475856,
    0.31793710069760633,
    1.22183439938792,
    1.953076576367789,
    4.716348959084416,
    1.6777255919200902,
    0.07584323284867518,
    0.02917991365836473,
    5.421003773853838,
    0.09511989168050626,
    0.11333873764026635,
    0.0887434990731472,
    43.20970431161435
  ],
  "temperature": 1.0,
  "alpha_center": 0.12255944311618805,
  "use_retrieval_features": true,
  "total_feature_dim": 23
}