{
  "dataset": "cqadupstack/english",
  "test_queries": 250,
  "train_queries": 250,
  "bm25_config": {
    "k1": 1.2,
    "b": 0.4,
    "variant": "okapi"
  },
  "dense_model": "sentence-transformers/all-MiniLM-L6-v2",
  "retrieval_depth": 500,
  "use_retrieval_features": true,
  "results": {
    "bm25": {
      "mrr@10": 0.28949551525909295,
      "ndcg@10": 0.28945224323414365,
      "recall@100": 0.5470223703792787
    },
    "dense": {
      "mrr@10": 0.44772593970828495,
      "ndcg@10": 0.44016166440771815,
      "recall@100": 0.7673795043837451
    },
    "hybrid_rrf": {
      "mrr@10": 0.40298059208261927,
      "ndcg@10": 0.41112606863759477,
      "recall@100": 0.7485862755119936
    },
    "qahf": {
      "mrr@10": 0.4539604386913378,
      "ndcg@10": 0.4467610267684858,
      "recall@100": 0.7690461710504118
    },
    "oracle": {
      "mrr@10": 0.5308493980737038,
      "ndcg@10": 0.5196476400917659,
      "recall@100": 0.7897706126219122
    }
  },
  "temperature": 1.0,
  "alpha_center": 0.12541994452476501,
  "alpha_stats": {
    "mean": 0.12162054798938333,
    "std": 0.06339568599906495,
    "min": 0.00482350355014205,
    "max": 0.32021164894104004
  },
  "oracle_alpha_stats": {
    "mean": 0.1334,
    "std": 0.2026189527166696,
    "min": 0.05,
    "max": 0.95
  }
}