{
  "dataset": "cqadupstack/english",
  "test_queries": 100,
  "train_queries": 100,
  "bm25_config": {
    "k1": 1.2,
    "b": 0.4,
    "variant": "plus"
  },
  "dense_model": "BAAI/bge-small-en-v1.5",
  "results": {
    "bm25": {
      "mrr@10": 0.26669530665932106,
      "ndcg@10": 0.2880906870163955,
      "recall@100": 0.5784285714285714
    },
    "dense": {
      "mrr@10": 0.41524415910628326,
      "ndcg@10": 0.4207197385242863,
      "recall@100": 0.7697460317460317
    },
    "hybrid_rrf": {
      "mrr@10": 0.41445413558958194,
      "ndcg@10": 0.4108186752389534,
      "recall@100": 0.8076349206349207
    },
    "qahf": {
      "mrr@10": 0.4612622229434363,
      "ndcg@10": 0.4642231874135019,
      "recall@100": 0.810642857142857
    }
  },
  "alpha_stats": {
    "mean": 0.30069618940353393,
    "std": 0.07408181529726467,
    "min": 0.12158051133155823,
    "max": 0.424020379781723
  }
}