{
  "dataset": "cqadupstack/english",
  "test_queries": 100,
  "train_queries": 100,
  "bm25_config": {
    "k1": 1.2,
    "b": 0.5,
    "variant": "plus"
  },
  "results": {
    "bm25": {
      "mrr@10": 0.27436314729138384,
      "ndcg@10": 0.2906787105294085,
      "recall@100": 0.5859285714285715
    },
    "dense": {
      "mrr@10": 0.48467192584187496,
      "ndcg@10": 0.49666832801016797,
      "recall@100": 0.7930952380952381
    },
    "hybrid_rrf": {
      "mrr@10": 0.41590947940530926,
      "ndcg@10": 0.43732295407232386,
      "recall@100": 0.8045476190476191
    },
    "qahf": {
      "mrr@10": 0.5033795514011051,
      "ndcg@10": 0.50916298269871,
      "recall@100": 0.8105952380952381
    }
  },
  "alpha_stats": {
    "mean": 0.2693798104673624,
    "std": 0.05460960305711833,
    "min": 0.12475001066923141,
    "max": 0.37543874979019165
  }
}